F Series,F1 1950,Ferrari,Ferrari 555 F1,1955,O,,
F Series,F1 1960,BRM,P261,1965,OO,,
F Series,F1 1960,Cooper,T55,1961,~,,
F Series,F1 1960,Cooper,T77,1965,O,,
F Series,F1 1960,Ferrari,1512,1965,~/X,,
F Series,F1 1960,Ferrari,958,1964,~/X,,
F Series,F1 1960,Honda,RA272,1965,,,
F Series,F1 1960,Lola,Mk4 Climax,1962,O/~,,
F Series,F1 1960,Lotus,25,1962,~/X,,
F Series,F1 1960,Lotus,33,1964,~,,
F Series,F1 1971,March,711 Alfa Romeo,1971,X,,
F Series,F1 1971,March,711 Ford,1971,~,,
F Series,F1 1971,Brabham,BT34,1971,~,,
F Series,F1 1971,BRM,P160,1971,O,,
F Series,F1 1971,Lotus,72D,1970,~,,
F Series,F1 1971,Ferrari,312B2,1971,OO,agility,
F Series,F1 1971,Tyrrell,002,1971,O,,
F Series,F1 1971,Matra,MS1200,1971,O,,
F Series,F1 1971,Lotus,72C,1971,~,,
F Series,F1 1971,Surtees,TS9,1971,~,,
F Series,F1 1975,Brabham,BT44B,1975,O,,Agility
F Series,F1 1975,BRM,P201,1975,O,,
F Series,F1 1975,Ferrari,312T,1975,O,Most overtakes,
F Series,F1 1975,Fittipaldi,FD03,1975,~,,
F Series,F1 1975,Hekseth,308B,1975,,,
F Series,F1 1975,Hill,GH1,1975,O+,Fastest Lap 2x,Speed
F Series,F1 1975,Lotus,72E,1975,O/~,,
F Series,F1 1975,March,751,1975,O+,Win 2x - held lead,Balance
F Series,F1 1975,McLaren,M23,1975,O,,
F Series,F1 1975,Shadow,DN5,1975,X,,
F Series,F1 1975,Surtees,TS16,1975,O/~,,
F Series,F1 1975,Williams,FW04,1975,~/X,,
F Series,F1 1988,Arrows,A10B,1988,~,,
F Series,F1 1988,Bennetton,B188,1988,O/~,,
F Series,F1 1988,Coloni,FC188,1988,,,
F Series,F1 1988,Ferrari,F1/87/88C,1988,O,,
F Series,F1 1988,Ligier,,1988,O/~,,
F Series,F1 1995,Bennetton,B195,1995,O,,
F Series,F1 1988,Lotus,100T,1988,O,,
F Series,F1 1988,McLaren,MP4/4,1988,OO,,
F Series,F1 1988,Tyrrell,017,1988,,,
F Series,F1 1995,Ferrari,412 T2,1995,O,Crash,
F Series,F1 1995,Footwork,FA16,1995,,,
F Series,F1 1995,Williams,FW17,1995,OO,Win 1x - Most Overtakes 1x,
F Series,F1 1995,Tyrrell,023,1995,~,Fastest Lap,
F Series,F1 1995,McLaren,MP4/10,1995,O,,
F Series,F1 1995,Pacific,PR02,1995,~/X,,
F Series,F1 1995,Ligier,JS41,1995,~,Crash,
F Series,F1 1995,Jordan,195,1995,,,
F Series,F1 1995,Minardi,M195,1995,~/X,Crash,
F Series,F1 1996,Ferrari,F310,1996,O+,Fastest Lap,
F Series,F1 1996,Jordan,196,1996,O/~,,
F Series,F1 1996,Liger,JS43,1996,O/~,,
F Series,F1 1996,McLaren,MP4/11,1996,OO,Crashed 2x,
F Series,F1 1996,Minardi,M195B,1996,O,Win 1x Crash 1x,
F Series,F1 1996,Renault,,1996,O+,Fastest Lap,
F Series,F1 1996,Sauber,C15,1996,O/~,,
F Series,F1 1996,Tyrrell,024,1996,X,,
F Series,F1 1996,Williams,FW18,1996,O,,
F Series,F1 1996 ,Bennetton,B196,1996,O/~,,
F Series,F1 1998,Williams,FW20,1998,OO,,
F Series,F1 2000,Ferrari,F1-2000,2000,O+,,
F Series,F1 2000,McLaren,MP4/15,2000,O/~,Crash 2x - seems fast,
F Series,F1 2000,Prost,AP03,2000,,,
F Series,F1 2000,Williams,FW22,2000,,,
F Series,F1 2000,BAR,002,2000,,,
F Series,F1 2000,Arrows,,2000,OO,,
F Series,F1 2006,BMW Sauber,F1.06,2006,OO,,
F Series,F1 2006,Ferrari,248 F1,2006,~,,
F Series,F1 2006,Honda,RA106,2006,~,,
F Series,F1 2006,McLaren,MP4-21,2006,X,,
F Series,F1 2006,Renault,R26,2006,,,
F Series,F1 2006,Spyker,M16,2006,OO,Fast but can lose control,
F Series,F1 2006,Toyota,TF106B,2006,O,,
F Series,F1 2006,Williams,FW27,2006,O/~,,
F Series,F1 2009,BMW Sauber,F1.09,2009,O+,,
F Series,F1 2009,Brawn,BGP 001,2009,O,,
F Series,F1 2009,Ferrari,F60,2009,,,
F Series,F1 2009,McLaren,MP4-24,2009,,,
F Series,F1 2009,Red Bull,RB5,2009,OO,,
F Series,F1 2009,Toro Rosso,STR4,2009,O+,,
F Series,F1 2016,Ferrari,SF16-H,2016,,,
F Series,F1 2016,Mercedes,F1 W07 Hybrid,2016,,,
F Series,F1 2016,Red Bull,RB12,2016,,,
F Series,F1 2016,Renault,R.S.16,2016,,,
F Series,F1 2016,Toro Rosso,STR11,2016,,,
F Series,Formula 500,Eagle,Mk5,1968,O/~,,
F Series,Formula 500,Lola,T190,1968,O,,
F Series,Formula 500,Lotus,70,1968,~,,
F Series,Formula 500,McKee,Mk12,1968,~,,
F Series,Formula 500,McLaren,M10-A,1966,~+,,
F Series,Formula 500,Surtees,TS5,1968,O,,
F Series,Formula 5000,Lola,T190,1968,O+,Win 1x - stuck in traffic,
F Series,Formula 5000,Crossle,15F,1968,,,
F Series,Formula 5000,Eagle,Mk5,1968,,,
F Series,Formula 5000,Lotus,70,1968,O/~,,
F Series,Formula 5000,McKee,Mk12,1968,~,,
F Series,Formula 5000,McLaren,M10-A,1966,O+,Win 1x,
NASCAR,NASCAR 1970,AMC,Matador,1971,~,,
NASCAR,NASCAR 1970,Dodge,Charger,1971,~+,,
NASCAR,NASCAR 1970,Ford,Torino,1971,~,,
NASCAR,NASCAR 1970,Mercury,Cyclone,1971,O+,,
NASCAR,NASCAR 1970,Plymouth,Road Runner,1971,OO,Fastest Lap 2x,
NASCAR,NASCAR 1970,Ford,Torino,1972,O,,
NASCAR,NASCAR 2017,Chevrolet,SS,2017,O,agility/speedway,
NASCAR,NASCAR 2017,Ford,Fusion,2017,O,speed,
NASCAR,NASCAR 2017,Toyota,Camry,2017,~,,
Le Mans Prototypes,LMP1,Audi,R18,2016,O+,Win 1x - held lead,
Le Mans Prototypes,LMP1,Audi,R18 ettron quattro,2014,,,
Le Mans Prototypes,LMP1,Audi,R18 ettron quattro,2015,O/~,,
Le Mans Prototypes,LMP1,BR Engineering,BR1,2014,~,,
Le Mans Prototypes,LMP1,Porsche,919 Hybrid,2015,O,Win 1x - held lead,
Le Mans Prototypes,LMP1,Porsche,919 Hybrid,2016,O+,Crash 1x - Win 1x,
Le Mans Prototypes,LMP1,Rebellion,R-One,2015,OO/?,Win 2x - Crash 2x,
Le Mans Prototypes,LMP1,Toyota,TS040 Hybrid,2014,O,Win 1x,
Le Mans Prototypes,LMP2,Cadillac,Dpi-V.R.,2017,O+,,
Le Mans Prototypes,LMP2,Dallara,P217,2017,O/~,,
Le Mans Prototypes,LMP2,Ligier,JS P217,2016,O+,,
Le Mans Prototypes,LMP2,Mazda,RT24-P,2017,OO,Win 1x - Biggest Climb 1x,
Le Mans Prototypes,LMP2,Onroak Ligier,JS P2 Honda,2014,OO,Win 1x,
Le Mans Prototypes,LMP2,Oreca,07 Gibson,2017,O,,
Le Mans Prototypes,LMP2,Oreca,07 Ligier,,O,Fastest Lap,
Le Mans Prototypes,LMP3,Adess,03 Nissan,2016,OO,,
Le Mans Prototypes,LMP3,Ligier,JS P3,2016,X,,
Le Mans Prototypes,LMP3,Onroak,Ligier JSP3,2015,O,Crash,
Le Mans Prototypes,LMP3,Norma,M30,2017,~/X,,
Le Mans Prototypes,LMP900,Ferrari,F333 SP,2000,,,
Le Mans Prototypes,LMP3,Zytek,ZS11SN,2011,O,,
Le Mans Prototypes,LMP900,Audi,R8,2002,O+,,
Le Mans Prototypes,LMP900,Aston Martin,AMR-One,2011,,,
Le Mans Prototypes,LMP900,Puegot,908,2011,O+,,
Le Mans Prototypes,LMP900,Lola-Aston Martin,B09/60,2009,,Crash,
Le Mans Prototypes,LMP900,Puegot,908 Hdi FAP,2009,O,,
Le Mans Prototypes,LMP900,BMW,V12 LMR,1999,OO,Crash,
Le Mans Prototypes,LMP900,Toyota,GT-One TS020,1999,,,
Touring,BTCC,Alfa Romeo,156 GTA,1998,O/~,,
Touring,BTCC,Ford,Mondeo,1993,~,,
Touring,BTCC,Nissan,Primera P11,1999,O/~,,
Touring,BTCC,Puegot,406,1996,O/~,Fastest lap?,
Touring,BTCC,Vauxhall,Cavalier,1995,O,,
Touring,BTCC,Volvo,850,1995,O/~,,
Touring,BTCC,Volvo,850 Estate,1994,OO,Win 2x from lead,
Touring,BTCC,Volvo,S40,1997,,,
Touring,CanAm,Ferrari,712,1970,O+,,
Touring,CanAm,Lola,T260,1969,O,,
Touring,CanAm,Porsche,917/30 Spyder,1973,O,Fastest Lap,
Touring,CanAm,Shadow,DC4?,,O/~,,
Touring,Group 1,Abarth,1000,,O/~,,
Touring,Group 1,Abarth,124 Gr.4,1974,OO,,
Touring,Group 1,Alf Romeo,Giulia TI Supe,1964,~,,
Touring,Group 1,Alfa Romeo,Giuletta Sprint,1961,O/~,,
Touring,Group 1,Lada,2105,1979,X,,
Touring,Group 1,Lancia,Fulvia,1963,~,,
Touring,Group 1,MG,MGB GT V8,1966,O,Fastest Lap,
Touring,Group 1,Porsche ,914/6,1970,X,,
Touring,Group 1,Renault,5 Alpine,1976,O+,,
Touring,Group 3,Alfa Romeo,Giuletta Spider,,~,,
Touring,Group 3,Ferrari,250 GTO,1962,~+,,
Touring,Group 3,Ferrari,275 GTB/C,1964,O,,
Touring,Group 3,Fiat,131 Abarth,1974,O,,
Touring,Group 3,Fiat,X1/9 Dallara,1975,~,,
Touring,Group 3,Ford,Falcon,1972,O/~,,
Touring,Group 3,Ford,Mustang Boss 429,1970,~,,
Touring,Group 3,Ford,Mustang GT,1965,O/~,,
Touring,Group 3,Lancia,Stratos HF,1977,O/~,,
Touring,Group 3,Porsche,911 RS 2.7,1973,~,,
Touring,Group 3,Shelby,GT350,1966,OO+,Fastest Lap,
Touring,Group 3,TVR,Griffith TVR 200,1963,O+,,
Touring,Group 3,Sauber,C9,1989,~,,
Touring,Group 4,BMW,M1 Procar,1979,O/~,,
Touring,Group 4,Chevrolet,Camaro,,O/~,,
Touring,Group 4,Chevrolet,Corvette C3,1969,O,,
Touring,Group 4,Ferrari,365 GTB/4 Daytona,1969,X,,
Touring,Group 4,Holden,Torana A9X,1977,O,agility,
Touring,Group 4,Jaguar,XJ12C Broadspeed,1977,OO,,
Touring,Group 4,Maserati,Bora Competizione,1972,O+,speed,
Touring,Group 4,Nissan,Skyline 2000GT-R,1971,~,,
Touring,Group 4,Porsche,911 Carrera RSR 3.0,1974,X,,
Touring,Group 4,Shelby,Cobra 427 S/C,1966,O+,Won close with Holden, speed,
Touring,Group 4,Shelby,GT350,,~,,
Touring,Group 4 / Group 2,BMW,M8,1979,OO,,
Touring,Group 4 / Group 2,Jaguar,,,X,,
Touring,Group 4 / Group 2,Lotus,,,~,,
Touring,Group 4 / Group 2,Porsche,911 Carrera RSR 3.0,1974,O,,
Touring,Group 6,Alfa Romeo,Tipo 33 TT12,1973,O,Fastest Lap,
Touring,Group 6,Ferrari,312PB,1971,OO,,
Touring,Group 6,Lola,T280,1972,~,,
Touring,Group 6,Osella,,,~,,
Touring,Group 6,Osella,PA9,1981,~?,,
Touring,Group 6,Porsche,936,1977,O,,
Touring,Group 6,Renault Alpine,A442B,1977,O,Win 1X,
Touring,Group A,Audi,V8 Quattro,1992,~/X,,
Touring,Group A,BMW,M3 ,1986,O/~,,
Touring,Group A,Ferrari,288 GTO,1985,~,,
Touring,Group A,Ford,Falcon,1982,O+,,
Touring,Group A,Ford,Mustang,1993,O,,
Touring,Group A,Ford,Sierra RS500,1989,OO+,Biggest Climb x1,
Touring,Group A,Ford,Sierra Sapphire,1991,~,,
Touring,Group A,Mazda,RX-7,1985,O/~,,
Touring,Group A,Nissan,Skyline GT-R R32,1990,O+,Fastest Lap x1,
Touring,Group A,Porsche, 968 Turbo RS,1993,O+,Fastest Lap x1,
Touring,Group A,Porsche,911 Carrera RSR 3.8,1993,~,,
Touring,Group A,Porsche,944 Turbo,1988,~,,
Touring,Group A,Puegot,406,1996,X,,
Touring,Group A,TVR,Tuscan,1989,~,,
Touring,Group A,Vauxhall,Cavalier,,,,
Touring,Group B,Citroen,BX 4TC,1986,O,,
Touring,Group B,Ferrari,288 GTO,1985,OO,,
Touring,Group B,Ford,RS200,1984,O,,
Touring,Group B,Lancia,Delta Integrale HF,1993,O/~,Biggest Climb,
Touring,Group B,Puegot,205 T16 Evo2,1985,O/~,,
Touring,Group C,Chevrolet,Intrepid RM-1,1991,O,,
Touring,Group C,Jaguar,XJR-5,1984,O+,,
Touring,Group C,Mazda,787B,1990,O+,,
Touring,Group C,Mercedes-Benz,C11,1990,~,,
Touring,Group C,Nissan,GPT X?,,~,,
Touring,Group C,Nissan,NP35,1992,O,,
Touring,Group C,Nissan,R89C,1989,O+,Most Wins 1x - Most Overtakes 1x,
Touring,Group C,Nissan,R91CP,1991,O+,Beat one Eagle and lost to one,
Touring,Group C,Porsche,962 C Long Tail,1984,~,,
Touring,Group C,Porsche,962 C Short Tail,1984,OO,Can crash,
Touring,Group C,Sauber,C9,1989,~,,
Touring,Group C,Toyota,Eagle MkIII,1993,O+,,
Touring,Group C2,EMKA,C84/1,1985,OO,Fastest Lap 1x - Crash 3x,
Touring,Group C2,Ford,C100,1982,O/~,Fastest Lap 1x,
Touring,Group C2,Grid,S1,1984,~,,
Touring,Group C2,Lancia,LC1,1982,~,,
Touring,Group C2,Lola,ADA 01,1984,O+,,
Touring,Group C2,Lola,T610,1984,X?,,
Touring,Group C2,Mazda,737C,1985,O,,
Touring,Group C2,Rondau,M379 C,1988,OO,,
Touring,Group C2,Rondau,M382,1982,O+,,
Touring,Group C2,Rondau,M482,1984,~,,
Touring,Group C2,Sauber,SHS C6,1985,O,,
Touring,Group N,Puegot,306 Maxi,1999,OO,Win 1x - held lead,
Touring,TCA,Ford,Focus ST,2019,O+,,
Touring,Group N,Audi,Quattro A2,1986,O,,
Touring,Group N,Renault,Clio,1991,~/X,,
Touring,Group N,Honda,Civic SiR-II,1991,X,,
Touring,Group N,Alfa Romeo,,,O,,
Touring,GT1,Bugatti,EB110 LM,1994,~,,
Touring,GT1,Ferrari,F50 GT,1996,~,,
Touring,GT1,Honda,NSX GT500,1997,OO,,
Touring,GT1,Mercedes-Benz,CLK GTR GT1,1998,O,,
Touring,GT1,Nissan,Skyline GTR R33 LM ,,~,,
Touring,GT1,Panoz,Esperante GTR-1,1997,O/~,,
Touring,GT1,Porsche,911 GT1-98,1998,~?,Crash,
Touring,GT1,Toyota,GT-ONe T500 ,,~,,
Touring,GT3,Alfa Romeo,8C GT3,2010,O+,,
Touring,GT3,Alpina,B6 GT3,2009,,,
Touring,GT3,Aston Martin,Vantage AMR,2018,O/~,,
Touring,GT3,Audi,R8 LMS,2016,O/~,,
Touring,GT3,Bentley,Continental,2018,O/~,,
Touring,GT3,BMW,M6 GT3,2016,O+,,
Touring,GT3,Chevrolet,Camaro GT3,2011,~,,
Touring,GT3,Dodge,Viper SRT GT-R 3,2014,O,1x Endurance Win,
Touring,GT3,Dodge,Viper SRT GT-R 3,2014,X,,
Touring,GT3,Ferrari,488 GT Sprint,2018,,,
Touring,GT3,Jaguar,F-Type GT3,2015,~,,
Touring,GT3,Lexus,RC F GT3,2019,OO,Win 2x,
Touring,GTS,Subaru,Impreza GT300,2003,O/~,,
Touring,GT3,McLaren,720S GT3,2019,~,,
Touring,GT3,Nissan,GT-R GT3,2012,X,,
Touring,GT3,Radical,RXC Turbo GT3,2016,O/~,,
Touring,GT3,Renault,Sport R.S. 01 GT3,2015,~,,
Touring,GT3,RUF,RGT-8 GT3,2012,O,,
Touring,GT3,SCG,003C,2015,,,
Touring,GT4,Aston Martin,Vantage GT4,2010,OO,Win 2x,
Touring,GT4,Ferrari,488 GT4,2019,O+,,
Touring,GT4,Ford,Mustang Boss 302 GT4,2013,O+,,
Touring,GT4,Ford,Mustang GT4,2018,,,
Touring,GT4,Ginetta,G55 Supercup,2019,O/~,,
Touring,GT4,Hyundai,Genesis Coupe GT4,2014,,,
Touring,GT4,KTM,X-Bow,2008,,,
Touring,GT4,Maserati,GTR,,O/~,,
Touring,GT4,Nissan,370Z Nismo GT4,2015,~,,
Touring,GT4,Panoz,Esperante GT4,2006,OO,Win 1x,
Touring,GT4,Porsche,718 Cayman GT4,2015,O,,
Touring,GT4,Subaru,Impreza WRX STi,2016,~,,
Touring,GTE,BMW,M6 GTLM,2016,O,,
Touring,GTE,BMW,M8 GTE,2019,OO,,
Touring,GTE,Ferrari,488 GTE,2018,O,,
Touring,GTE,Fiat,,,XX,,
Touring,GTE,Porsche,911 RSR,2017,~/X,,
Touring,GTO,Audi,90 quattro IMSA GTO,1989,OO,,
Touring,GTO,Chevrolet,Camaro IMSA,1995,O?,Win 1x - Speed? - then lost,
Touring,GTO,Chevrolet,Corvette IMSA GTO,1987,~,,
Touring,GTO,Ferrari,F40 Competizione,1989,~/O,,
Touring,GTO,Lamborghini,Diablo GTR,1999,,,
Touring,GTO,Lotus,Esprit GT1,1999,O+,Agility - most overtakes,
Touring,GTO,Mazda,RX-7 IMSA GTO,1990,,,
Touring,GTO,Nissan,300ZX Turbo IMSA,1994,O,,
Touring,GTO,Oldsmobile,Cutlass SCCA,1988,,,
Touring,GTO,Porsche,911 GT2,1998,X,,
Touring,GTO,Porsche,961 LM,1986,O+,Agility,
Touring,GTO,Toyota,Celica IMSA GTO,1986,O,,
Touring,GTR,BMW,M3 E92 GT2,2009,O/~,,
Touring,GTR,Lamborghini,Murcielago R-GT,2004,O/~,,
Touring,GTR,Maserati,MC12 GT1,2004,,Crash,
Touring,GTR,Alzen Porsche,996 Biturbo,2003,O,,
Touring,GTR,Seat,Toledo GT,2003,~,,
Touring,GTS,Aston Martin,DBRS9,2005,O,,
Touring,GTS,BMW,Z4 M Coupe GT3,2008,~,,
Touring,GTS,Lamborghini,Gallardo GT3,2004,OO,Win 1x - Most Overtakes 1x,
Touring,GTS,Morgan,Aero 8 GT2,2002,OO,Win 1x,
Touring,GTS,Nissan,350Z GT300,,O/~,,
Touring,GTS,Seat,Cupra GT,2003,O+,Fastest Lap 1x,
Touring,GTS,Spyker,C8 Spyder GT2-R,2005,O/~,,
Touring,Retro DTM,Mercedes-Benz,C180 DTM,1994,OO,,
Touring,Retro DTM,Alfa Romeo,155 TI V6,1996,XX,,
Touring,Retro DTM,BMW,M3 GTR EVO,1995,O/~,,
Touring,Retro DTM,Mercedes-Benz,190E EVO II,1990,O+,,
Touring,Retro DTM,Opel,Calibra DTM,1996,,,
Touring,Retro G500,Porsche,911 GT2,1998,~,,
Touring,Retro G500,Bugatti,EB110,,O/~,,
Touring,Retro G500,Ferrari,F40 Competizione,1989,OO,,
Touring,Retro G500,Honda,NSX,1999,~,,
Touring,Retro G500,Jaguar,XJ220,,~,,
Touring,Retro G500,McLaren,F1 GTR,1995,O+,,
Touring,Retro G500,Mitsubishi,GTO,1996,O/~,,
Touring,Retro G500,Toyota,SARD MC8-R,1996,,,
Touring,Retro G500,Toyota,Supra JGTC,1996,O?,,
Touring,SCCA,Ford,Falcon,1971,,,
Touring,SCCA,Holden,Monaro,1973,OO,Win 1x,
Touring,SCCA,Holden,Monaro,1968,,,
Touring,SCCA,Chrysler,Valiant Charger,1972,,,
Touring,SCCA,Shelby,GT350,1966,O,,
Touring,TCA,Skoda,Octavia,2018,O+,,
Touring,TCA,Audi,A4 B5,2000,O,,
Touring,TCA,Audi,A4 B7,2006,OO,,
Touring,TCA,BMW,125i M Sport,2018,O,Fastest Lap x1 - Crash x1,
Touring,TCA,BMW,320si,2006,O/~,,
Touring,TCA,BMW,M235i Racing,2014,~,,
Touring,TCA,Puegot,308,,OO,,
Touring,TCE,Renault,Clio IV RS Cup,2015,O,,
Touring,TCE,Honda,Civic Si,1999,XX,,
Touring,TCE,Audi,TT 3.2 quattro,2008,~+,,
Touring,TCE,Geely,BinRui ,2020,O,,
Touring,TCE,Lada,Granta ,2012,OO,,
Touring,TCE,Suzuki,Swift,2014,~,,
Touring,TCR,BMW,M220i ADAC,2018,O/~,,
Touring,TCR,Seat,Leon,2015,O,,
Touring,TCR,Alfa Romeo,Giulietta TCR,2010,OO,,
Touring,TCR,Audi,RS3 TCR,2017,O+,,
Touring,TCR,Lada,Vesta,2016,O+,Win 1x,
Touring,TCR,Puegot,308,2018,,,
Touring,TransAm,Chevrolet,Camaro,2021,O,,
Touring,TransAm,Ford,Mustang,2021,OO,Win 2x - Fastest Lap x1,
Touring,Vintage TransAm,Shelby,GT350,1966,,,
Touring,Vintage TransAm,TVR,Griffith 200,1963,,,
Touring,Vintage TransAm,AMC,Javelin,1969,,,
Touring,Vintage TransAm,AMC,Javelin,1970,,,
Touring,Vintage TransAm,Chevrolet,Camaro,1969,O,,
Touring,Vintage TransAm,Chevrolet,Camaro,1970,OO,,
Touring,Vintage TransAm,Ferrari,512M,1971,O,,
Touring,Vintage TransAm,Ferrari,512S Coda Lunga,1970,OO,,
Touring,Vintage TransAm,Ford,Mustang Boss,1970,~,,
Touring,Vintage TransAm,Mercury,Cougar,1967,~,,
Touring,Vintage TransAm,Plymouth,Barracuda,1970,~,,
Touring,Vintage TransAm,Pontiac,Firebird,1968,,,
Touring,Vintage TransAm,Pontiac,Firebird,1970,O,,
Touring,Vintage TransAm,Porsche,917/20,1971,O,,
Indy Cars,Classic Indycars,Agajanian,Watson,1963,O/~,,
Indy Cars,Classic Indycars,Ferrari,375 Indy,1952,O,,
Indy Cars,Classic Indycars,Kurtis,Kraft 500B,1957,O,,
Indy Cars,Classic Indycars,Kuzma,Offy,1952,,,
Indy Cars,Classic Indycars,Maserati,250F 3.5 litre,1958,OO,Win 2x,
Indy Cars,Classic Indycars,Scarab,Indy,1960,OO,Win 1x,
Indy Cars,Indycars,Chevrolet,Indycar,2018,O,,
Indy Cars,Indycars,Honda,Indycar,2018,O+,Win 1x,
Indy Cars,Grand Prix 1920,Alfa Romeo,P3,1935,O+,,
Indy Cars,Grand Prix 1920,Bugatti,,,O/~,,
Indy Cars,Grand Prix 1920,Delage,2LCV,1923,OO,,
Indy Cars,Grand Prix 1920,ERA,Type B,1937,O,,
Indy Cars,Grand Prix 1920,Maserati,6CM,1937,~,,
Indy Cars,Grand Prix 1930,Alfa Romeo,12C,1937,O/~,,
Indy Cars,Grand Prix 1930,Auto Union,Type C,1937,OO,Win 1x - Fastest Lap 1x,
Indy Cars,Grand Prix 1930,Auto Union,Type D,1938,O+,,
Indy Cars,Grand Prix 1930,Maserati,8CTF,1938,~,,
Indy Cars,Grand Prix 1930,Mercedes-Benz,W125,1937,~/X,,
Indy Cars,Grand Prix 1930,Mercedes-Benz,W154,1938,O,,
Prototypes,Prototypes 1960,Alfa Romeo,T33/2 Longtail,1968,O/~,,
Prototypes,Prototypes 1960,Ford,GT40 MkI!,1966,OO,Win 1x - Fastest Lap 1x,
Prototypes,Prototypes 1960,Lola,T70 MkII Ford,1966,OO,Win 1x,
Prototypes,Prototypes 1960,Lola,T70 Mk1,1965,O+,,
Prototypes,Prototypes 1960,McLaren,M6 GT,1970,O,,
Prototypes,Prototypes 1960,Porsche,908/2 Spyder,1969,O/~,,
Prototypes,Prototypes 1970,AMC,Javelin,1969,X,,
Prototypes,Prototypes 1970,Ferrari,512M,1971,~,Crash,
Prototypes,Prototypes 1970,Ferrari,512S Coda Lunga,1970,OO+,10+ sec lead - event win,
Prototypes,Prototypes 1970,Ford,GT40 MKIV,1967,~,,
Prototypes,Prototypes 1970,Lola,T70 MKIII,1969,O+,,
Prototypes,Prototypes 1970,Lola,T70 MKIIIB GT,1970,,,
Prototypes,Prototypes 1970,Porsche,917 /20,1971,~?,,
Prototypes,Prototypes 1970,Porsche,917 K,1970,~?,Crash,
Prototypes,Prototypes 1970,Porsche,917LH,1970,O/~,,
Prototypes,Prototypes 1970,Porsche,Porsche 917LH,1971,O,,
Hypercars,Track Only Hypercars,Aston Martin,Vulcan AMR Pro,2017,~,,
Hypercars,Track Only Hypercars,Ferrari,488 Challenge,2016,~/X,,
Hypercars,Track Only Hypercars,Ferrari,FXX K,2015,O+,,
Hypercars,Track Only Hypercars,IPS,Kuruma,,,,
Hypercars,Track Only Hypercars,Lotus,Tiga Esprit,1998,O,,
Hypercars,Track Only Hypercars,McLaren,Elva,2022,,,
Hypercars,Track Only Hypercars,Ferrari,599XX Evoluzione,2012,,,
Hypercars,Track Only Hypercars,Fittipaldi,EF7,2018,O+,,
Hypercars,Track Only Hypercars,Mercedes,Sterling Moss,2011,XX,Crash with no recovery,
Hypercars,Track Only Hypercars,Citroen,GT,2014,~,,
Hypercars,Track Only Hypercars,BMW,134 Judd V8,2009,,,
Hypercars,Track Only Hypercars,McLaren,P1 GTR,2015,OO,,
Hypercars,Track Only Hypercars,Mercedes,SLR,2005,,,
Hypercars,Track Only Hypercars,Pagani,Zonda R,2009,O/~,Crash,
Hypercars,Track Only Hypercars,Porsche,935,2020,X,,
Hypercars,Track Only Hypercars,RUF,CTR3,2012,~,,
Supercars,1990s Supercars,Bugatti,EB110 SS,1991,~,,
Supercars,1990s Supercars,Ferrari,F40 LM,1999,OO,,
Supercars,1990s Supercars,Ferrari,F50,1995,O/~,,
Supercars,1990s Supercars,Ford,GT90,1995,O/~,,
Supercars,1990s Supercars,Jaguar,XJ220,1992,~,,
Supercars,1990s Supercars,Jaguar,XJ220S,1993,O+,Fastest Lap,
Supercars,1990s Supercars,Lamborghini,Diablo SV,1997,O+,Win 1x, Most Overtakes 1x - Held lead,
Supercars,1990s Supercars,Nissan,R390,1997,O,,
Supercars,1990s Supercars,Porsche,911 993 GT2,1996,~/X,,
Supercars,1990s Supercars,Cizeta-Moroder,V16T,1992,O/~,,
Supercars,1990s Supercars,De Tomaso,Pantera GT5-S,1988,X,,
Supercars,1990s Supercars,Dodge,Viper RT/10,1995,~,,
Supercars,2000s Supercars,Aston Martin,Vantage V600,1998,,,
Supercars,2000s Supercars,Bugatti,Veyron,2005,O,,
Supercars,2000s Supercars,Chevrolet,Corvette C5 Z06,2002,,,
Supercars,2000s Supercars,Chevrolet,Corvette C6 Z06,2007,O+,,
Supercars,2000s Supercars,Ferrari,360 CS,2003,O/~,,
Supercars,2000s Supercars,Ferrari,Enzo,2002,~,,
Supercars,2000s Supercars,Koenigsegg,CC8S,2004,~+,,
Supercars,2000s Supercars,Lamborghini,Gallardo,2003,O,,
Supercars,2000s Supercars,Lamborghini,Murcielago,2006,~,,
Supercars,2000s Supercars,Lotus,2-Eleven,2007,~,,
Supercars,2000s Supercars,Pagani,Zonda,,,,
Supercars,2000s Supercars,Porsche,911 997 Turbo,,,,
Supercars,2000s Supercars,Radical,,,X,Crash,
Supercars,2000s Supercars,Saleen,S7,2004,X,,
Supercars,2000s Supercars,Saleen,S7,,,,
Supercars,2000s Supercars,SSC,Ultima Aero TT,,OO,,
Supercars,2000s Supercars,Ultima,GTR 720,2006,,,
Supercars,2010 Up Supercars,Apollo,Intenza Emozione,2020,,,
Supercars,2010 Up Supercars,Dallara,Stradale,2019,OO,,
Supercars,2010 Up Supercars,Ferrari,,,OO,,
Supercars,2010 Up Supercars,Koenigsegg,Jesko,2020,O+,,
Supercars,2010 Up Supercars,Lamborghini,Aventador SVJ,2018,O,,
Supercars,2010 Up Supercars,McLaren,,,O,,
Supercars,2010 Up Supercars,Pagani,Huayra BC,2016,O,,
Supercars,2010 Up Supercars,Ultima,RS,2020,OO+,,
Supercars,Combined Supercars,Lamborghini,Gallardo Superleggera,2010,O,,
Supercars,Combined Supercars,Noble,MC500,2020,~,,
Supercars,Combined Supercars,Aston Martin,Vantage GT12,2015,O/~,,
Supercars,Combined Supercars,Mosler,MT900S,2006,O+,Most Overtakes x1,
Supercars,Combined Supercars,McLaren,F1,1993,O,,
Supercars,Modern Supercars,Apollo,Intensa Emozione,2020,~+,,
Supercars,Modern Supercars,Aston Martin,Valkyrie,2020,OO,,
Supercars,Modern Supercars,Aston Martin,Vulcan,2015,O,,
Supercars,Modern Supercars,Bugatti,Veyron,2005,O/~,,
Supercars,Modern Supercars,Koenigsegg,Jesko,2020,OO,Win 1x - Fastest Lap x1,
Supercars,Modern Supercars,Pagani,Zonda R,2009,,,
Supercars,V8 Supercars,Ford,Falcon FGX,2008,,,
Supercars,V8 Supercars,Ford,Mustang,2019,O,,
Supercars,V8 Supercars,Ford,,,XX,,
Supercars,V8 Supercars,Holden,Commodore VE,2007,,,
Supercars,V8 Supercars,Holden,Commodore VF,2013,O,Crash x1,
Supercars,V8 Supercars,Holden,Commodore ZB,2018,~?,,
Supercars,V8 Supercars,Nissan,Altima,2013,O,,
Supercars,Vintage Supercars,Chevrolet,Camaro Z/28,1970,,,
Supercars,Vintage Supercars,Chevrolet,El Camino SS,1970,,,
Supercars,Vintage Supercars,Chevrolet,Corvette C2 Stingray,1967,O,,
Supercars,Vintage Supercars,Dodge,Charger Superbee,1971,,,
Supercars,Vintage Supercars,Dodge,Charger Superbee,1970,,,
Supercars,Combined Supercars,Lamborghini,Sian FKP 37,2020,O+,,
Supercars,Combined Supercars,Ferrari,F40 LM,1989,~+,,
Supercars,Combined Supercars,Shelby,GT350,1969,X,,
Supercars,Combined Supercars,Jaguar,C-X75,2012,OO,Win 1x,
Supercars,Vintage Supercars,Dodge,Charger Hemi,1969,O,Crash 1x,Speed
Supercars,Vintage Supercars,Dodge,Dart Hemi Super Stock,1968,O+,Most Overtakes x1,
Supercars,Vintage Supercars,Ferrari,250 GTO,1962,O+,Win 1x - Lost rally by a lot,Speed
Supercars,Vintage Supercars,Ford,Fairlane,1966,O+,Fastest Lap,
Supercars,Vintage Supercars,Ford,Mustang Mach 1,1971,OO,Win 1x,Agility
Supercars,Vintage Supercars,Holden,Torana A9X,1977,~,,Agility
Supercars,Vintage Supercars,Lamborghini,400 GT,1965,,,
Supercars,Vintage Supercars,Plymouth,Road Runner,1971,,,
Supercars,Vintage Supercars,Plymouth,GTX,1967,O/~,,
Supercars,Vintage Supercars,Pontiac,GTO,1969,,,
Supercars,Vintage Supercars,Shelby,GT500,1969,~/X,,
Supercars,Vintage Supercars,Shelby,GT350,1966,,,
Street Cars,1960s Streetcars,Chevrolet,Impala SS,1967,O,,
Street Cars,1960s Streetcars,Ferrari,250 GT Berlinetta,1963,O,,
Street Cars,1960s Streetcars,Fiat,8V Ghia Supersonic,1953,~/X,,
Street Cars,1960s Streetcars,Lotus,Cortina,1966,X,,
Street Cars,1960s Streetcars,BMW,507,1959,X,,
Street Cars,1960s Streetcars,Morgan,Plus 4,1962,,,
Street Cars,1960s Streetcars,Pontiac,GTO,1965,OO,Win 1x - Fastest Lap 1x,
Street Cars,1970s Streetcars,Alpine,A110 1600 Si,1973,XX,,
Street Cars,1970s Streetcars,Chevrolet,Camaro Z/28,1969,OO,Win 1x - lost to Firebird,
Street Cars,1970s Streetcars,Ford,Mustang Boss 302,1970,~,,
Street Cars,1970s Streetcars,Ford,Mustang,,,,
Street Cars,1970s Streetcars,Ford,Falcon XYO,,,,
Street Cars,1970s Streetcars,Dodge,Demon 340,1971,,,
Street Cars,1970s Streetcars,Pontiac,Firebird Trans Am,1977,OO,Win 1x - Crash 1x - speed,
Street Cars,1970s Streetcars,Holden,Monaro GTS,1973,O,,
Street Cars,1990s Streetcars,Audi,RS2 Avant,1995,~,,
Street Cars,1990s Streetcars,Audi,S4,1997,~,,
Street Cars,1990s Streetcars,Audi,V8,1988,~,,
Street Cars,1990s Streetcars,BMW,M5 E34,1988,O,,
Street Cars,1990s Streetcars,Caterham,Super7 1700 SS,1995,OO,Win 1x,
Street Cars,1990s Streetcars,Cizeta-Moroder,V16T,1992,OO,Win 1x,
Street Cars,1990s Streetcars,Dodge,Stealth RT Turbo,1996,~/X,,
Street Cars,1990s Streetcars,Ferrari,F355 Berlinetta F1,1994,O,,
Street Cars,1990s Streetcars,Lancia,HF Integrale,1993,~+,,
Street Cars,1990s Streetcars,Lamborghini,Diablo SV,1997,O+,Fastest Lap,
Street Cars,1990s Streetcars,Mercedes-Benz,190 E Evo III,1990,X,,
Street Cars,1990s Streetcars,Nissan,Pulsar GTI-R,1990,X,,
Street Cars,1990s Streetcars,Nissan,Skyline GT-R R32,1990,X,,
Street Cars,1990s Streetcars,RUF,CTR2,1995,OO,Win 1x - Most Overtakes 1x,
Street Cars,1990s Streetcars,Toyota,,,,,
Street Cars,2000s Streetcars,Audi,S4,2003,O,,
Street Cars,2000s Streetcars,Chevrolet,Corvette C6,2006,~,,
Street Cars,2000s Streetcars,Dodge,Viper GTS ACR,2009,O+,,
Street Cars,2000s Streetcars,Hamann,430 Coupe,2007,~,,
Street Cars,2000s Streetcars,Mercedes,SLR McLaren,2005,~,,
Street Cars,2000s Streetcars,Mercedes-Benz,CLK GTR,1999,O,,
Street Cars,2000s Streetcars,Nissan,Silvia S15 Spec-R,1999,O,,
Street Cars,2000s Streetcars,Puegot ,206 RC,2003,O/~,,
Street Cars,2000s Streetcars,Shelby,Series 1,1998,X,,
Street Cars,2000s Streetcars,TVR,Sagaris,2006,OO,,
Street Cars,2010 Up Streetcars,Ariel,Atom 500,2010,OO,,
Street Cars,2010 Up Streetcars,Aston Martin,Valkyrie,2020,O+,,
Street Cars,2010 Up Streetcars,BAC,Mono,2011,~,Crash,
Street Cars,2010 Up Streetcars,Dallara,Stradale,2019,O,,
Street Cars,2010 Up Streetcars,De Tomaso,P72,2019,?,,
Street Cars,2010 Up Streetcars,Ferrari,488 GTB,,O/~,,
Street Cars,2010 Up Streetcars,Koenigsegg,Jesko,2020,O,,
Street Cars,2010 Up Streetcars,Lamborghini,,,~,,
Street Cars,2010 Up Streetcars,McLaren,,,O/~,,
Street Cars,2010 Up Streetcars,Pagani,Zonda Cinque,2009,O,,
Street Cars,2010 Up Streetcars,Porsche,,,O,,
Street Cars,2010 Up Streetcars,Ultima,RS,2020,OO,Crash,
Street Cars,2010 Up Streetcars,Zenvo,TSR-S,2019,O,,
Street Cars,Combined Streetcars,Audi,RS3 Sportback,2003,O+,,
Street Cars,Combined Streetcars,Audi,RS6,2009,O,,
Street Cars,Combined Streetcars,Chevrolet,Camaro SS,2017,~,,
Street Cars,Combined Streetcars,Dodge,Challenger SRT8,2012,O,,
Street Cars,Combined Streetcars,Dodge,Viper GTS ACR,1999,O/~,,
Street Cars,Combined Streetcars,Ferrari,,,,Crash 1x,
Street Cars,Combined Streetcars,Ford,Mustang Boss 302,1970,X,,
Street Cars,Combined Streetcars,Ford,Mustang GT350,2016,~/X,,
Street Cars,Combined Streetcars,Jaguar,,,O,,
Street Cars,Combined Streetcars,Lexus,RC 350,2017,,,
Street Cars,Combined Streetcars,Spyker,C8 Laviolette,2003,~,,
Street Cars,Modern Streetcars,Bugatti,Veyron,2005,OO,,Agility
Street Cars,Combined Streetcars,Porsche,718 Cayman S,2016,OO,,
Street Cars,Modern Streetcars,Ferrari,F430 Scuderia,2008,O,,Speed
Street Cars,Modern Streetcars,Koenigsegg,Agera RS,2015,,,
Street Cars,Modern Streetcars,Noble,MC600,2012,OO,,Speed
Street Cars,Modern Streetcars,Pagani,Zonda Cinque,2005,O/~,,Agility
Street Cars,Random Streetcars,Dallara,Stradale,2019,OO,Win 1x,
Street Cars,Modern Streetcars,Spyker,C8 Preliator,2017,~,,Speed
Street Cars,Random Streetcars,Aston Martin,Valkyrie,2020,O+,,
Street Cars,Random Streetcars,Hyundai,Tiburon,2003,,,
Street Cars,Random Streetcars,Pagani,Zonda Cinque,2009,~,,
Street Cars,Random Streetcars,Porsche,911 991 Turbo S,2015,O,,
Street Cars,Random Streetcars,Dome,Zero,,,Crash,
Street Cars,Random Streetcars,KTM,X-Bow,2011,,,
Street Cars,Random Streetcars,Zenvo,TSR-S,2019,O+,,
Street Cars,Retro Streetcars,Jaguar,XJ220S,1993,O,,
Slow Cars, < 1960s Slow Cars,Austin,Mini Cooper S,1964,~/X,,
Slow Cars, < 1960s Slow Cars,Austin-Healey,106,,O+,,
Slow Cars, < 1960s Slow Cars,Bugatti,Type 57 Aerolithe,1935,O/~,,
Slow Cars, < 1960s Slow Cars,Ferrari,212 Export,1951,OO,,
Slow Cars, < 1960s Slow Cars,Ford,Anglia Super 123E,1966,~,,
Slow Cars, < 1960s Slow Cars,Packard,Eight 22nd Club,1948,~+,,
Slow Cars, < 1960s Slow Cars,Toyota,2000GT,1965,O,,
Slow Cars,1950s Sports Cars,Ferrari,250 Testa Rossa,1957,~/X,,
Slow Cars,1950s Sports Cars,Aston Martin,DBR1/1,1956,,,
Slow Cars,1950s Sports Cars,Jaguar,C-Type,1952,O,,
Slow Cars,1950s Sports Cars,Jaguar,D-Type,1956,OO,Win 1x - Agility - Fastest Lap 1x,
Slow Cars,1950s Sports Cars,Maserati,450S,1956,O/~,,
Slow Cars,1950s Sports Cars,Maserati,300S,1955,O,,
Slow Cars,1950s Sports Cars,Maserati,Tipo 60/61 Birdcage,1959,OO,Win 2x - Speed - Frequent Crashes,
Slow Cars,1950s Sports Cars,Mercedes-Benz,300 SLR,1955,~,,
Slow Cars,1970s Slow Cars,Alpine,A110 1600 Si,1973,,,
Slow Cars,1970s Slow Cars,AMC,Gremlin X,1973,~,,
Slow Cars,1970s Slow Cars,BMW,2002 Turbo,1973,,,
Slow Cars,1970s Slow Cars,Fiat,131 Abarth,1974,O,,
Slow Cars,1970s Slow Cars,Fiat,131 Abarth,1974,,,
Slow Cars,1970s Slow Cars,Ford,Escort Mark II,1975,,,
Slow Cars,1970s Slow Cars,Ford,Falcon XR GT,1968,O,,
Slow Cars,1970s Slow Cars,Ford,Gran Torino,1972,OO?,,
Slow Cars,1970s Slow Cars,Ford,Gran Torino,1974,O/~,,
Slow Cars,1970s Slow Cars,Ford,Gran Torino,1974,,,
Slow Cars,1970s Slow Cars,Holden,Monaro GTS,1968,O?,,
Slow Cars,1970s Slow Cars,Honda,Civic RS,1974,X,,
Slow Cars,1970s Slow Cars,Maserati,Merak,1972,OO,,
Slow Cars,1970s Slow Cars,Mercury,Cougar Eliminator,,~,,
Slow Cars,1970s Slow Cars,Nissan,Skyline 2000GT-R,1971,X,,
Slow Cars,1970s Slow Cars,Opel,Kadett C GT/E,1977,,,
Slow Cars,1990s Slow Cars,Audi,S4,,,,
Slow Cars,1990s Slow Cars,BMW,M5,,,,
Slow Cars,1990s Slow Cars,Caterham,Super7 1700 SS,1995,O+,,
Slow Cars,1990s Slow Cars,Chevrolet,,,O,,
Slow Cars,1990s Slow Cars,Dodge,Stealth RT Turbo,1996,O,,
Slow Cars,1990s Slow Cars,Holden,,,OO,,
Slow Cars,1990s Slow Cars,Honda,,,X,,
Slow Cars,1990s Slow Cars,Lotus,Carlton,1990,O/~,,
Slow Cars,1990s Slow Cars,Mercedes-Benz,SL500,1989,~,,
Slow Cars,1990s Slow Cars,Nissan,240SX,1992,XX,,
Slow Cars,1990s Slow Cars,Nissan,Skyline GT-R R33,1997,O,,
Slow Cars,1990s Slow Cars,Porsche,944 Turbo S,1988,,,
Slow Cars,1990s Slow Cars,Venturi,260 LM,1994,OO,,
Slow Cars,1990s Slow Cars,Volkswagen,Golf VR6,1994,~,,
Slow Cars,2000s Slow Cars,Audi,TT 3.2 Quattro,2003,X,,
Slow Cars,2000s Slow Cars,BMW,M3 E46,2001,O,Fastest Lap,
Slow Cars,2000s Slow Cars,Dodge,Viper GTS ACR,1999,O,,
Slow Cars,2000s Slow Cars,Ferrari,360 CS,2003,O,,
Slow Cars,2000s Slow Cars,Ford,GT,2005,~/X,,
Slow Cars,2000s Slow Cars,Honda,NSX-R,2002,O+,,
Slow Cars,2000s Slow Cars,Mercedes-Benz,CLK55 AMG,2001,XX,,
Slow Cars,2000s Slow Cars,Mitsubishi,Evo VII FQ-400,2003,O+,Fastest Lap,
Slow Cars,2000s Slow Cars,Pontiac,Trans Am,,O,,
Slow Cars,2000s Slow Cars,Porsche,911 993 Turbo S,1998,X,,
Slow Cars,2010 Up Slow Cars,Wiesmann,GT MF5,2009,X,,
Slow Cars,2000s Slow Cars,Porsche,911 996 GT3,2004,X,,
Slow Cars,2000s Slow Cars,Spyker,C8 Laviolette,2003,~,,
Slow Cars,2000s Slow Cars,Nissan,Skyline GT-R R34,1999,OO,,
Slow Cars,2000s Slow Cars,Subaru,Impreza WRX STi,2005,O,,
Slow Cars,2000s Slow Cars,Subaru,Impreza 11B STi,1998,~,,
Slow Cars,2010 Up Slow Cars,Toyota,Supra GR,2020,~/X,,
Slow Cars,2010 Up Slow Cars,BMW,,,,,
Slow Cars,2010 Up Slow Cars,Chevrolet,Corvette C6 Grand Sport,2010,X,,
Slow Cars,2010 Up Slow Cars,Chevrolet,Corvette C6 ZR1,2009,~/X,Fastest Lap,
Slow Cars,2010 Up Slow Cars,Chevrolet,Corvette C7 Stingray,2014,XX,,
Slow Cars,2010 Up Slow Cars,Chevrolet,,,O,,
Slow Cars,2010 Up Slow Cars,Ford,Falcon GX,,~,,
Slow Cars,2010 Up Slow Cars,Honda,,,O,,
Slow Cars,2010 Up Slow Cars,Jaguar,,,O,,
Slow Cars,2010 Up Slow Cars,Koenigsegg,Agera RS,2015,~,,
Slow Cars,2010 Up Slow Cars,Mercedes-Benz,,,~,,
Slow Cars,2010 Up Slow Cars,Nissan,400Z,2001,OO,,
Slow Cars,2010 Up Slow Cars,Shelby,GT500 Super Snake,2013,~,Fastest Lap,
Slow Cars,2010 Up Slow Cars,Spyker,,,OO,,
Slow Cars,2010s Slow Cars,BMW,i8,2016,X,,
Slow Cars,Combined,Shelby,,,O,,
Slow Cars,Combined,BMW,M135i,2015,OO,,
Slow Cars,Combined,Ford,Mustang GT350,2016,O+,,
Slow Cars,Combined,Maserati,3500 GT,1959,O+?,,
Slow Cars,Combined,Maserati,GranTurismo,2014,~/X,,
Slow Cars,Combined,Renault,Clio III RS197,2005,O,,
Slow Cars,Combined,Subaru,Impreza WRX STi,2008,~/X,,
Slow Cars,Retro Slow Cars,Volkswagen,Golf VR6,1994,X,,
Slow Cars,Retro Slow Cars,BMW,,,O,,
Slow Cars,Retro Slow Cars,Caterham,Super7 1700 SS,1995,OO,,
Slow Cars,Retro Slow Cars,Isuzu,4200R,1989,O/~,,
Slow Cars,Retro Slow Cars,Lancia,037 Stradale,1982,O,,
Slow Cars,Retro Slow Cars,Lancia,Delta Inegrale HF,1993,O,,
Slow Cars,Retro Slow Cars,Lotus,Essex Turbo RS,,O,,
Slow Cars,Retro Slow Cars,Mazda,RX-7 Turbo,1985,~,,
Slow Cars,Retro Slow Cars,Mercedes-Benz,190 E Evo III,1990,O/~,,
Slow Cars,Retro Slow Cars,Nissan,180SX Type-X,1996,~,,
Slow Cars,Retro Slow Cars,Porsche,944 Turbo S,1988,~,,
Slow Cars,Retro Slow Cars,Puegeot,295 T16,1985,~,,
Slow Cars,Retro Slow Cars,Renault,Clio Williams,1993,~,,
Slow Cars,Retro Slow Cars,Subaru,Legacy RS,1990,OO,,
Slow Cars,Retro Slow Cars,Subaru,Impreza 22B STi,1998,,,
Slow Cars,Modern Slow Cars,Audi,RS4 Avant quattro,2013,,,
Slow Cars,Modern Slow Cars,Audi,TT 3.2 quattro,2008,,,
Slow Cars,Modern Slow Cars,Audi,TT RS,2010,,,
Slow Cars,Modern Slow Cars,BMW,M135i,2015,,,
Slow Cars,Modern Slow Cars,BMW,Z3M,2001,,,
Slow Cars,Modern Slow Cars,BMW,Z8,2000,,,
Slow Cars,Modern Slow Cars,Bentley,Continental GT,2010,,,
Slow Cars,Modern Slow Cars,Chevrolet,Camaro SS,1998,,,
Slow Cars,Modern Slow Cars,Ford,Focus RS,2017,,,
Slow Cars,Modern Slow Cars,Ford,Focus RS,2009,,,
Slow Cars,Modern Slow Cars,Ford,Focus ST,2013,,,
Slow Cars,Modern Slow Cars,Ford,Mustang GT350,2016,,,
Slow Cars,Modern Slow Cars,Holden,Commodore GTS,2009,,,
Slow Cars,Modern Slow Cars,Honda,Civic Type-R,2017,,,
Slow Cars,Modern Slow Cars,Honda,Civic Type-R,2015,,,
Slow Cars,Modern Slow Cars,Honda,Integra Type-R,2002,,,
Slow Cars,Modern Slow Cars,Honda,S2000,2003,,,
Slow Cars,Modern Slow Cars,Hyundai,Genesis Coupe,2013,,,
Slow Cars,Modern Slow Cars,Infiniti,G35,2003,,,
Slow Cars,Modern Slow Cars,Infiniti,G37 Coupe IPL,2011,,,
Slow Cars,Modern Slow Cars,Kia,Stinger GT,2017,,,
Slow Cars,Modern Slow Cars,Lexus,IS-F,2009,,,
Slow Cars,Modern Slow Cars,Lexus,IS350 F Sport,2016,,,
Slow Cars,Modern Slow Cars,Mitsubishi,Eclipse GT,2006,,,
Slow Cars,Modern Slow Cars,Mitsubishi,FTO GP,1999,,,
Slow Cars,Modern Slow Cars,Nissan,Skyline GT-R R34,1999,,,
Slow Cars,Modern Slow Cars,Peugeot,206 RC,2003,,,
Slow Cars,Modern Slow Cars,Porsche,718 Boxster S,2016,most overtakes,,
Slow Cars,Modern Slow Cars,Renault,Clio V6,2003,,,
Slow Cars,Modern Slow Cars,Subaru,Impreza 22B STi,1998,,,
Slow Cars,Modern Slow Cars,Subaru,Impreza WRX STI,2014,,,
Slow Cars,Modern Slow Cars,Toyota,Crown Athlete,2013,,,
Slow Cars,Modern Slow Cars,Toyota,GT86,2015,,,
Slow Cars,Modern Slow Cars,Vauxhall,Astra VXR,2006,,,
Slow Cars,Modern Slow Cars,Vauxhall,Insignia,2010,,,
Slow Cars,Modern Slow Cars,Vauxhall,VX220 Turbo,2004,,,
Slow Cars,Modern Slow Cars,Volkswagen,Golf GTI,2010,,,
Slow Cars,Modern Slow Cars,Volkswagen,Golf R,2018,,,
Slow Cars,Modern Slow Cars,Volvo,C30 T5,2008,,,
Slow Cars,Modern Slow Cars,Volvo,S60 R,2006,,,